nodes	qt	bf
1	13.0227	441.9
2	9.76511	254.08
4	9.2733	125.44
8	6.87966	64
12	6.5694	1000
16	6.6907	1000
20	6.4198	1000
24	6.3849	1000
28	6.333	1000
32	6.26812	1000