nodes	qt	bf
1	1.1713e+02
2	1.0867e+02
4	84.119
8	72.52866	8.355+e03
12	81.48719	
16	77.4925		5.300e+03
20	71.0573		3.377e+03
24	64.44371
28	62.19200	3.0827e+03
32	67.6169		2.13576e+03