nodes	qt	bf	qt_nw	bf_nw
1	13.0227	448.	7.465	4.4365e+02
2	9.76511	231.1	4.458	2.24777e+02
4	9.2733	124.06	2.7106	1.1874e+02
8	6.87966	68.1048	1.61712	63.068
12	6.5694	47.947	1.30203	42.944
16	6.6907	38.344	1.17223	33.3623
20	6.4198	33.1206	1.14399	28.0836
24	6.3849	29.4739	1.0781	24.4576
28	6.333	26.727	1.008	21.7510
32	6.26812	35.9464	0.9585	29.8859