loading_data, 0.297617
sending_initial,0.00219202
writing_inital,5.5486
forces,allgatherv,writing
218.991,0.000578165,6.47536
218.937,0.000471115,5.63299
218.837,0.000478983,6.88799
218.976,0.000432014,6.01097
218.9,0.000422955,6.88527
