loading_data, 0.245493
sending_initial,0.00441599
writing_inital,5.71584
forces,allgatherv,writing
56.4492,0.000895023,4.0039
57.2553,0.000789165,5.22565
56.6869,0.000777006,5.31075
56.4584,0.00078702,5.3283
58.6583,0.000771999,5.31466
