loading_data, 3.00048
sending_initial,0.0426381
writing_inital,52.9265
forces,allgatherv,writing
3187.07,86.0529,36.302
3185.58,96.7313,50.9758
