loading_data, 0.265125
sending_initial,0.00530291
writing_inital,5.46673
forces,allgatherv,writing
113.615,0.000735998,4.97025
112.79,0.000605822,5.40308
113.195,0.000599146,5.39709
112.831,0.000622988,5.43998
112.701,0.000637054,5.27968
