loading_data, 2.9377
sending_initial,0.0421441
writing_inital,66.1018
forces,allgatherv,writing
2950.72,0.007617,60.6712
2950.82,0.00775003,65.0167
