sending_initial,0.01231884956
builing_first_qt,2.329565048
forces,allgatherv,rebuilding
1,48.96632481,0.01514601707,2.380241871
total_time,58.45593309
