loading_data, 2.961032152
sending_initial,0.03492999077
builing_first_qt,2.244066
forces,allgatherv,writing,rebuilding
48.08736014,0.01314783096,53.79074287,2.154236794
47.07522607,0.01294589043,54.14137101,2.216276884
47.17684507,0.01302409172,53.54282403,2.206499815
47.24100399,0.01337599754,53.61927891,2.286854982
47.32901001,0.01328086853,53.90000391,2.325095892
