sending_initial,0.02293801308
builing_first_qt,2.811178923
computations,12.97479677
synchronization,0.02136993408
total_time,19.29684901
