loading_data, 2.824826002
sending_initial,0.05015301704
builing_first_qt,2.108241081
forces,allgatherv,writing,rebuilding
2.90638113,0.03383708,53.28639507,2.093634129
2.666939974,0.03703522682,54.14101887,2.098609924
2.669857979,0.03434896469,53.49630809,2.153989077
2.660240173,0.03520298004,52.73408198,2.19175005
2.672739029,0.03501415253,52.87826395,2.218705177
