loading_data, 2.745539904
sending_initial,0.04474306107
builing_first_qt,2.377962828
forces,allgatherv,writing,rebuilding
5.450584888,0.01765298843,53.61987495,2.279485941
4.754005909,0.01760911942,68.89773607,2.681523085
4.769701004,0.01751899719,68.83343196,2.456363201
4.767210007,0.01759195328,68.80753088,2.530467987
4.780205011,0.01747608185,64.60908699,2.296597004
