loading_data, 2.548068047
sending_initial,0.05097913742
builing_first_qt,2.193853855
forces,allgatherv,writing,rebuilding
2.50742507,0.03464889526,53.57688904,2.100121975
2.3046031,0.03414607048,59.97726798,2.724153996
2.995898008,0.04843497276,69.6037209,2.437642097
2.291803837,0.03512096405,53.3362999,2.205636024
2.309816122,0.03588294983,53.36983991,2.204153061
