loading_data, 2.853900909
sending_initial,0.0497610569
builing_first_qt,2.298110008
forces,allgatherv,writing,rebuilding
3.583873034,0.03258895874,53.90792203,2.231478214
3.34215188,0.0324819088,54.15904498,2.239537954
3.259880066,0.0366358757,53.15046191,2.296343088
3.332926989,0.033233881,53.4044981,2.328984022
3.382898092,0.032943964,53.09285283,2.328973055
