sending_initial,0.02733421326
builing_first_qt,2.349971056
computations,4.057402134
synchronization,0.4477989674
total_time,10.13740087
