loading_data, 2.847010851
sending_initial,0.04675602913
builing_first_qt,2.300909042
forces,allgatherv,writing,rebuilding
11.5615921,0.01586508751,54.79231,2.201796055
10.82812595,0.01567697525,54.1943481,2.246847153
11.06837201,0.01576399803,53.71041393,2.195363998
10.98517799,0.01581501961,53.44838786,2.260704041
10.9164989,0.02295088768,53.89554691,2.278365135
