sending_initial,0.02451705933
builing_first_qt,2.401713133
computations,4.939888954
synchronization,1.850296021
total_time,13.19902706
