sending_initial,0.02887392044
builing_first_qt,2.884793997
computations,3.65204978
synchronization,0.5056729317
total_time,10.25978804
