loading_data, 3.072484016
sending_initial,0.04382014275
builing_first_qt,2.224642992
forces,allgatherv,writing,rebuilding
23.53569198,0.01499891281,54.35305285,2.207949877
22.37276292,0.01483011246,53.18369794,2.25936985
22.58815122,0.01483297348,53.18066096,2.543096066
22.73599219,0.0148870945,54.2166481,2.531177998
22.5931778,0.01484012604,53.16385198,2.351397991
