loading_data, 3.076210022
sending_initial,1.907348633e-06
builing_first_qt,2.744091988
forces,allgatherv,writing,rebuilding
96.29739904,0.01258015633,67.31597805,2.655279875
108.2397871,0.01245808601,68.97669101,2.672214031
104.6418591,0.01245999336,54.02743816,2.752043962
92.11609697,0.01244997978,58.31758904,2.789937019
93.9285109,0.01249194145,69.87270689,2.817375898
