loading_data, 2.824549198
sending_initial,0.04918193817
builing_first_qt,2.922659874
forces,allgatherv,writing,rebuilding
7.798448801,0.01837801933,65.92414498,2.733819008
7.111450911,0.01842522621,65.72776198,2.73049283
7.127371073,0.01818203926,65.45018291,2.779277086
7.154804945,0.01831698418,65.50153804,2.795457125
7.127549171,0.01843094826,65.59316492,2.806834221
