loading_data, 2.58838
sending_initial,0.036248
writing_inital,53.4212
forces,allgatherv,writing
5310,240.639,55.7221
5302.86,267.257,68.6317
5305.17,229.129,75.3886
