loading_data, 2.56911
sending_initial,0.0546451
writing_inital,53.0772
forces,allgatherv,writing
1980.47,43.3994,46.3921
1986.68,48.7317,66.3888
1990.98,8.04719,69.1103
