loading_data, 2.855634928
sending_initial,1.907348633e-06
builing_first_qt,2.142115116
forces,allgatherv,rebuilding,writing
73.87002802,0.01520395279,1.988233089,52.46753907
total_time,133.3758171
